{"36": {"documentId": "36", "passages": {"1": "Peters is the founder of NGTechBlog which is a subsidiary of New Generations Technology, He was born in 22nd July 2000 in Delta State Nigeria.", "4": "Peters is the founder of NGTechBlog which is a subsidiary of New Generations Technology, He was born in 22nd July 2000 in Delta State Nigeria."}, "org": ["NGTechBlog", "Peters Avae"], "parrent_org": ["New Generations Technology"]}, "4966": {"documentId": "4966", "passages": {"5": "In 1854 he was a founding member of the Soci\u00e9t\u00e9 Botanique de France, serving as its secretary-general from 1862 to 1875.", "2": "In 1854 he was a founding member of the Soci\u00e9t\u00e9 Botanique de France, serving as its secretary-general from 1862 to 1875.", "6": "From 1817 to 1833 he lived in France, then moved back to Berlin, where he stayed with botanist Karl Sigismund Kunth for several years prior to his return to Paris (1840)."}, "org": ["Wladimir de Schoenefeld", "Soci\u00e9t\u00e9 Botanique de France"], "parrent_org": [], "foundedIn": "1854"}, "11246": {"documentId": "11246", "passages": {"6": "Sammy Barker, former Princeton police officer, was employed by the Mercer County Sheriff's Dept. when he started the Barkers' Ashland Gas Station in 1979, then he moved from Barkers' Ashland to Barkers' Texaco in 1980.", "2": "However, during this time, Muffler City expanded so well that in September 1990, Jackie started another business, which he called Barker's Tire City in another Princeton location."}, "org": ["Muffler City", "Barker's Tire City"], "parrent_org": [], "foundedBy": "Jackie"}, "1520": {"documentId": "1520", "passages": {"5": "IPG started in 2009 as the Hospitality Performance Group (HPG), focusing on the needs of the hospitality industry in Central Florida.", "1": "IPG still operates HPG as a wholly owned subsidiary with a specialty focus on the hospitality industry worldwide."}, "org": ["Hospitality Performance Group", "IPG", "HPG"], "parrent_org": ["IPG"], "foundedIn": "2009"}, "12319": {"documentId": "12319", "passages": {"6": "Reverend is an American heavy metal band that was originally based in Seattle, Washington, and is based in San Antonio, Texas.", "2": "Reverend was formed in 1989 by ex-Metal Church vocalist David Wayne, who took the band's name from his own moniker, which he acquired as the frontman of the \"Metal Church\"."}, "org": ["Reverend"], "parrent_org": [], "loc": "Texas"}, "1656": {"documentId": "1656", "passages": {"1": "Our parent organization, the National Association of Corporate Directors, is the premier source of corporate governance information, education and training for directors and CEOs who are committed to raising standards and improving boardroom performance.", "4": "Our parent organization, the National Association of Corporate Directors, is the premier source of corporate governance information, education and training for directors and CEOs who are committed to raising standards and improving boardroom performance."}, "org": ["NACD North Texas"], "parrent_org": ["National Association of Corporate Directors"]}, "29735": {"documentId": "29735", "passages": {"5": "The Society, now Neuroblastoma UK, was formed in October 1982 by a group of parents whose children were suffering from or had died from neuroblastoma, a very aggressive childhood cancer affecting children up to about the age of 14 years.", "1": "The Society, now Neuroblastoma UK, was formed in October 1982 by a group of parents whose children were suffering from or had died from neuroblastoma, a very aggressive childhood cancer affecting children up to about the age of 14 years."}, "org": ["Neuroblastoma UK", "Society"], "parrent_org": [], "foundedIn": "October 1982"}, "2201": {"documentId": "2201", "passages": {"1": "From 1929 until 2000, it was a subsidiary of VEBA.", "5": "From its founding until around 1970, it was owned (directly or indirectly) by the Republic of Prussia and the Federal Republic of Germany."}, "org": ["PreussenElektra"], "parrent_org": ["VEBA"]}, "1434": {"documentId": "1434", "passages": {"1": "Airstream is a subsidiary of Thor Industries.", "4": "Founder Wally Byam began the enterprise in the 1920s by selling plans for building trailers, which led to the design and launch of \"The Clipper\" in the early 1930s."}, "org": ["Airstream"], "parrent_org": ["Thor Industries"]}, "7143": {"documentId": "7143", "passages": {"2": "He started what eventually became Microsoft's largest development center outside Redmond in 1998 and left Microsoft on September 24, 2010.", "5": "He started what eventually became Microsoft's largest development center outside Redmond in 1998 and left Microsoft on September 24, 2010.", "6": "Srini Koppolu is the CEO of Veooz and an angel investor based in Hyderabad, India.", "4": "Srini Koppolu is the CEO of Veooz and an angel investor based in Hyderabad, India."}, "org": ["Veooz"], "parrent_org": [], "loc": "India", "ceo": "Srini Koppolu"}, "15021": {"documentId": "15021", "passages": {"1": "It is named after her daughter Priyanshi and hence is her baby project all the same.", "4": "Harshita Srivastava, CEO of LPC Advisors, founded Priyanshi films and entertainment in the wake of her long-lived dream of producing and directing films.", "2": "Harshita Srivastava, CEO of LPC Advisors, founded Priyanshi films and entertainment in the wake of her long-lived dream of producing and directing films."}, "org": ["LPC Advisors", "Priyanshi films and entertainment"], "parrent_org": [], "ceo": "Harshita Srivastava", "foundedBy": "Harshita Srivastava"}, "221": {"documentId": "221", "passages": {"1": "Nippon Express USA, INC, was established 1962 as a subsidiary of Nippon Express Company Ltd. and is currently operating in 54 locations in USA, with offices in Canada and Mexico.", "5": "Nippon Express USA, INC, was established 1962 as a subsidiary of Nippon Express Company Ltd. and is currently operating in 54 locations in USA, with offices in Canada and Mexico.", "6": "Nippon Express USA, INC, was established 1962 as a subsidiary of Nippon Express Company Ltd. and is currently operating in 54 locations in USA, with offices in Canada and Mexico."}, "org": ["Nippon Express USA, INC"], "parrent_org": ["Nippon Express Company Ltd."], "foundedIn": "1962"}, "48": {"documentId": "48", "passages": {"5": "Beans & Brews Coffee House was established in 1993 by the Laramie family in Salt Lake City, Utah.", "1": "Today, the Laramie family still owns and operates the parent company of Beans & Brews but we have extended our family by adding franchise owners/operators to our already successful business model."}, "org": ["Beans & Brews Coffee House"], "parrent_org": [], "foundedIn": "1993"}, "7068": {"documentId": "7068", "passages": {"2": "He is the founder and CEO of Top Rank, a professional boxing promotion company based in Las Vegas.", "4": "He is the founder and CEO of Top Rank, a professional boxing promotion company based in Las Vegas.", "6": "He also worked for the US Attorney's Office for the southern district of New York in the tax division during his legal career before moving into boxing promotion."}, "org": ["Top Rank"], "parrent_org": []}, "8150": {"documentId": "8150", "passages": {"6": "Symphony Towers 1.2-million-square-foot, two-tower hotel and office complex located in the Financial District in San Diego, California, on B Street.", "4": "Douglas P. Wilson, current chairman and C.E.O. of Douglas Wilson Companies (DWC), partnered with Charlton Raynd Ventures to develop the project which opened in 1989."}, "org": ["DWC", "Symphony Towers", "Douglas Wilson Companies"], "parrent_org": [], "loc": "San Diego", "ceo": "Douglas P. Wilson"}, "7649": {"documentId": "7649", "passages": {"6": "Southwest Airlines Co. (NYSE: LUV) is a major U.S. airline, the world's largest low-cost carrier, headquartered in Dallas, Texas.", "2": "The airline was established in 1967 by Herb Kelleher and adopted its current name (Southwest Airlines) in 1971."}, "org": ["Southwest Airlines Co.", "Southwest Airlines", "LUV"], "parrent_org": [], "loc": "U.S.", "foundedBy": "Herb Kelleher"}, "11541": {"documentId": "11541", "passages": {"5": "Redwood Travel started in 1941 in Downtown San Rafael and was in the same Fourth St. location until our move to Fifth St. in 2002.", "6": "Skytours was originally owned by Freddie Laker of Laker Airways in London."}, "org": ["Redwood Skytours Travel Agency", "Redwood Travel"], "parrent_org": [], "foundedIn": "1941"}, "7949": {"documentId": "7949", "passages": {"5": "They were formed in 2008 after the Scunthorpe Scorpions were promoted to the Premier League, and acted as a feeder or reserve team to the Scorpions.", "2": "They were formed in 2008 after the Scunthorpe Scorpions were promoted to the Premier League, and acted as a feeder or reserve team to the Scorpions.", "6": "They raced in the National League \u2013 the third tier of British league racing."}, "org": ["Scunthorpe Saints"], "parrent_org": [], "foundedIn": "2008"}, "7088": {"documentId": "7088", "passages": {"5": "Established in 1983 as a Nahal settlement under the name \"Nahal Omarim\" and \"civilianized\" in 1984, Tene has a population of 645 (2011) and is within the jurisdiction of the Har Hebron Regional Council.", "4": "\"Tene Omarim\" is the name of the settlement used by its residents, the Israeli government considers \"Tene\" the official name as a tribute to David Taneh, the first CEO of the Building and Housing Office.", "6": "\"Tene Omarim\" is the name of the settlement used by its residents, the Israeli government considers \"Tene\" the official name as a tribute to David Taneh, the first CEO of the Building and Housing Office."}, "org": ["Building and Housing Office"], "parrent_org": [], "ceo": "David Taneh"}, "8620": {"documentId": "8620", "passages": {"6": "La Pietra: Hawaii School for Girls, also referred to as La Pietra or Hawaii School for Girls, is a private school for girls in grades 6\u201312 located in Honolulu, Hawaii.", "2": "Founded in 1964 by Lorraine Cooke, it moved to the current La Pietra campus in 1969."}, "org": ["La Pietra", "Hawaii School for Girls", "La Pietra: Hawaii School for Girls"], "parrent_org": [], "loc": "Honolulu", "foundedBy": "Lorraine Cooke"}, "7173": {"documentId": "7173", "passages": {"4": "Vitrenko Yuriy Yuriyovytch (Ukrainian: \u0412\u0456\u0442\u0440\u0435\u043d\u043a\u043e \u042e\u0440\u0456\u0439 \u042e\u0440\u0456\u0439\u043e\u0432\u0438\u0447; born on 17 September 1976 in Kyiv, Ukraine) is a Ukrainian economist, CEO of the investment company \"AYA Capital\", and Director for Business Development at the National joint-stock company \"Naftogaz of Ukraine\".", "6": "Vitrenko Yuriy Yuriyovytch (Ukrainian: \u0412\u0456\u0442\u0440\u0435\u043d\u043a\u043e \u042e\u0440\u0456\u0439 \u042e\u0440\u0456\u0439\u043e\u0432\u0438\u0447; born on 17 September 1976 in Kyiv, Ukraine) is a Ukrainian economist, CEO of the investment company \"AYA Capital\", and Director for Business Development at the National joint-stock company \"Naftogaz of Ukraine\"."}, "org": ["AYA Capital"], "parrent_org": [], "ceo": "\u0412\u0456\u0442\u0440\u0435\u043d\u043a\u043e \u042e\u0440\u0456\u0439 \u042e\u0440\u0456\u0439\u043e\u0432\u0438\u0447"}, "7788": {"documentId": "7788", "passages": {"5": "Based in Warsaw and established in 1929, it is one of the world's oldest airlines still in operation.", "6": "Based in Warsaw and established in 1929, it is one of the world's oldest airlines still in operation."}, "org": ["LOT Polish Airlines"], "parrent_org": [], "loc": "Warsaw", "foundedIn": "1929"}, "3721": {"documentId": "3721", "passages": {"6": "We are a full service glass and auto glass repair and replacement company based in Brockton, Massachusetts.", "5": "Since 1946, Central Glass Company, which was founded by John Dale and Stanley Gordon, has been a leader in providing quality glass repair, replacement, and contract glazing installations."}, "org": ["Central Glass Company", "Central Glass"], "parrent_org": [], "loc": "Massachusetts", "foundedIn": "1946"}, "7120": {"documentId": "7120", "passages": {"4": "The CEO of Tufts Medical Center is Michael Wagner, MD, FACP.", "6": "Tufts Medical Center is based in Boston, MA but also has satellite locations in areas including Quincy, Chelmsford, Framingham, and others."}, "org": ["Tufts Medical Center"], "parrent_org": [], "ceo": "Michael Wagner", "loc": "Boston"}, "7930": {"documentId": "7930", "passages": {"2": "An informal Melbourne team played that winter and was officially formed in May 1859 when Wills and three other members codified \"The Rules of the Melbourne Football Club\"\u2014the basis of Australian rules football.", "5": "The club's origins can be traced to an 1858 letter in which Tom Wills, captain of the Victoria cricket team, calls for the formation of a \"foot-ball club\" with its own \"code of laws\".", "6": "The club was a dominant force in the earliest Australian rules football competition, the Challenge Cup, and was also a foundation member of the Victorian Football Association (VFA) in 1877 and the Victorian Football League (VFL) in 1897, which later became the national Australian Football League."}, "org": ["Melbourne Football Club"], "parrent_org": [], "foundedIn": "1858"}, "8247": {"documentId": "8247", "passages": {"6": "Ashinaga [\u3042\u3057\u306a\u304c\u80b2\u82f1\u4f1a Ashinaga Ikueikai] is a non-profit organization headquartered in Tokyo, Japan that provides educational funding and psychological support to children who have lost one or both guardians, as well as to those whose guardians suffer from serious disabilities.", "5": "Since its founding in 1993 the organization has raised an estimated $1 billion and has helped over 95,000 students complete high school and/or attend university."}, "org": ["Ashinaga", "Ashinaga (organization)", "Ashinaga Ikueikai", "\u3042\u3057\u306a\u304c\u80b2\u82f1\u4f1a"], "parrent_org": [], "loc": "Japan", "foundedIn": "1993"}, "7122": {"documentId": "7122", "passages": {"6": "Lumi\u00e8re Movies is an Indian 24-hour movie channel dedicated to foreign films owned by Turner Broadcasting System based in Mumbai.", "4": "At the end of the $126.5 million deal, Turner holds 92% in NDTV Imagine Ltd. while 3.2% is retained by NDTV Networks and the remaining 4.8% is held by its chief executive officer Sameer Nair and other Imagine employees."}, "org": ["Lumi\u00e8re Movies", "Lumiere Movies", "Imagine", "NDTV Imagine Ltd."], "parrent_org": [], "loc": "Mumbai", "ceo": "Sameer Nair"}, "5237": {"documentId": "5237", "passages": {"6": "Based in \"The Doughnut\", in the suburbs of Cheltenham, it operates under the formal direction of the Joint Intelligence Committee (JIC) alongside the Security Service (MI5), the Secret Intelligence Service (MI6) and Defence Intelligence (DI).", "5": "GCHQ was originally established after the First World War as the Government Code and Cypher School (GC&CS) and was known under that name until 1946."}, "org": ["Government Communications Headquarters"], "parrent_org": [], "loc": "Cheltenham"}, "11913": {"documentId": "11913", "passages": {"5": "AUTOMATED CONVEYOR SYSTEMS, INC. was founded in 1975 by Mr. James D. Taylor and Mr. George Ramsey.", "6": "ACS was originally located on Kemper Street in historic downtown Lynchburg, Virginia."}, "org": ["AUTOMATED CONVEYOR SYSTEMS, INC.", "ACS"], "parrent_org": [], "foundedIn": "1975", "loc": "Virginia"}, "19723": {"documentId": "19723", "passages": {"6": "Bethesda Game Studios Dallas LLC (formerly Escalation Studios) is an American video game developer based in Dallas, Texas, founded in 2007 by ex-Ritual Entertainment employees Tom Mustaine and Marc Tardif.", "2": "Bethesda Game Studios Dallas LLC (formerly Escalation Studios) is an American video game developer based in Dallas, Texas, founded in 2007 by ex-Ritual Entertainment employees Tom Mustaine and Marc Tardif."}, "org": ["Bethesda Game Studios Dallas LLC", "Escalation Studios"], "parrent_org": [], "loc": "Texas", "foundedBy": "Tom Mustaine"}, "4932": {"documentId": "4932", "passages": {"6": "The FSF was incorporated in Massachusetts, USA, where it is also based.", "2": "The Free Software Foundation (FSF) is a 501(c)(3) non-profit organization founded by Richard Stallman on 4 October 1985 to support the free software movement, which promotes the universal freedom to study, distribute, create, and modify computer software, with the organization's preference for software being distributed under copyleft (\"share alike\") terms, such as with its own GNU General Public License.", "5": "The Free Software Foundation (FSF) is a 501(c)(3) non-profit organization founded by Richard Stallman on 4 October 1985 to support the free software movement, which promotes the universal freedom to study, distribute, create, and modify computer software, with the organization's preference for software being distributed under copyleft (\"share alike\") terms, such as with its own GNU General Public License."}, "org": ["FSF", "Free Software Foundation"], "parrent_org": [], "loc": "Massachusetts", "foundedBy": "Richard Stallman", "foundedIn": "4 October 1985"}, "12347": {"documentId": "12347", "passages": {"6": "We were originally based in Dundry on the A38, but after 12 months of trading, the business out grew these premises and we moved to our much larger premises at The Old Coal Yard in Clutton almost 10 years ago.", "2": "Matt established Low Cost Vans Bristol Ltd in 2003, having worked in the motortrade for 15 years."}, "org": ["Low Cost Vans Bristol Ltd", "Low Cost Vans Bristol"], "parrent_org": [], "loc": "Dundry", "foundedBy": "Matt"}, "8193": {"documentId": "8193", "passages": {"6": "The American Hardware Manufacturers Association (AHMA), founded in 1901, is a trade association headquartered in Schaumburg, Illinois, serving U.S. manufacturers who produce goods in the \"hardlines\" industry, including the product categories of household hardware, tools, lawn and garden, paint and decor, major appliances, sports, and toys.", "5": "The American Hardware Manufacturers Association (AHMA), founded in 1901, is a trade association headquartered in Schaumburg, Illinois, serving U.S. manufacturers who produce goods in the \"hardlines\" industry, including the product categories of household hardware, tools, lawn and garden, paint and decor, major appliances, sports, and toys."}, "org": ["American Hardware Manufacturers Association", "AHMA"], "parrent_org": [], "loc": "Illinois", "foundedIn": "1901"}, "1550": {"documentId": "1550", "passages": {"1": "He is currently the president and CEO of Raymond James Bank, a wholly-owned subsidiary of Raymond James Financial.", "4": "He is currently the president and CEO of Raymond James Bank, a wholly-owned subsidiary of Raymond James Financial."}, "org": ["Raymond James Bank"], "parrent_org": ["Raymond James Financial"]}, "645": {"documentId": "645", "passages": {"1": "SpArc Philadelphia is the non-profit parent organization of The Arc of Philadelphia and SpArc Services benefiting people with disabilities.", "5": "Founded in 1948 by parents who sought better services for their children, The Arc of Philadelphia is one of the first Arc chapters in the United States."}, "org": ["Arc of Philadelphia", "SpArc Services"], "parrent_org": ["SpArc Philadelphia"], "foundedIn": "1948"}, "8067": {"documentId": "8067", "passages": {"6": "The 2011 Libyan Civil War started in Cyrenaica, which came largely under the control of the National Transitional Council (headquartered in Benghazi) for most of the war.", "5": "The 2011 Libyan Civil War started in Cyrenaica, which came largely under the control of the National Transitional Council (headquartered in Benghazi) for most of the war."}, "org": ["National Transitional Council"], "parrent_org": [], "loc": "Benghazi"}, "7032": {"documentId": "7032", "passages": {"5": "In November and December 2014, the company established agreements with COTA (Cancer Outcomes Tracking and Analysis) and Flatiron Health, respectively, aimed at increasing the volume of genomic and clinical patient data available to it.", "6": "Foundation Medicine, Inc. is a public American company based in Cambridge, Massachusetts which develops, manufactures and sells genomic analysis diagnostics for solid and circulating cancers."}, "org": ["Foundation Medicine", "Foundation Medicine, Inc."], "parrent_org": [], "loc": "Cambridge"}, "1751": {"documentId": "1751", "passages": {"1": "In 2008, Dr. Foltz's youngest daughter, Sherilyn Foltz-Cook finished her medical training as an Osteopathic physician, and joined Cascade Family Medicine.", "2": "Cascade Family Medicine was founded by Lawrence Foltz, DO and his wife, Erma (who is also a registered nurse)."}, "org": ["Cascade Family Medicine"], "parrent_org": [], "foundedBy": "Lawrence Foltz"}, "29668": {"documentId": "29668", "passages": {"2": "He and his brother, Jerre B Salmon, formed Salmon Brothers Construction Company, the builders of New Jersey's first concrete highway.", "6": "Located in the center of Stanhope, this vast land area included the site of the present brick house which Bell constructed for his residence atop the hill overlooking the Morris Canal."}, "org": ["Salmon Brothers Construction Company"], "parrent_org": [], "foundedBy": "Jerre B Salmon"}, "1760": {"documentId": "1760", "passages": {"2": "It was founded by James Patrick McFadden, formerly associate publisher of National Review, who had also founded the Human Life Foundation, and is now edited by his daughter, Maria McFadden.", "1": "It was founded by James Patrick McFadden, formerly associate publisher of National Review, who had also founded the Human Life Foundation, and is now edited by his daughter, Maria McFadden."}, "org": ["Human Life Foundation", "The Human Life Review"], "parrent_org": [], "foundedBy": "James Patrick McFadden"}, "3145": {"documentId": "3145", "passages": {"6": "Mark is currently based in London for SGMF and can be contacted by email: mark.bell@sgmf.info", "5": "Mark Bell is the General Manager for the Society for Gas as a Marine Fuel (SGMF) having joined this new NGO when it was formed in 2013."}, "org": ["David Ashford", "SGMF", "Society for Gas as a Marine Fuel"], "parrent_org": [], "foundedIn": "2013"}, "7187": {"documentId": "7187", "passages": {"6": "She previously served as President and founding Chief Executive Officer of the Japanese American National Museum in Los Angeles from 1988 to 2009, which is affiliated with the Smithsonian Institution.", "4": "She previously served as President and founding Chief Executive Officer of the Japanese American National Museum in Los Angeles from 1988 to 2009, which is affiliated with the Smithsonian Institution.", "2": "She previously served as President and founding Chief Executive Officer of the Japanese American National Museum in Los Angeles from 1988 to 2009, which is affiliated with the Smithsonian Institution.", "5": "Irene Hirano Inouye (born October 7, 1948) is an American activist who is the President of the U.S.-Japan Council, having been appointed to that position when the organization was formed in 2009."}, "org": ["Japanese American National Museum", "U.S.-Japan Council", "Irene Hirano"], "parrent_org": [], "loc": "Los Angeles", "foundedIn": "2009"}, "7189": {"documentId": "7189", "passages": {"6": "Jacobs, based in Minneapolis, became wealthy by taking big stakes in Fortune 500 conglomerates, usually with the goal of unlocking value by breaking them up.", "5": "In 1986, COMB and several cable television operators created the Cable Value Network (CVN), a pioneering television shopping channel which was later purchased by QVC.", "4": "Irwin L Jacobs (born July 15, 1941) is an entrepreneur and the CEO of several large corporations, formerly including the now-bankrupt Genmar Holdings, which at one time was billed as the world's largest boat-building company."}, "org": ["COMB", "Genmar Holdings", "Irwin L. Jacobs", "CVN", "Close-out Merchandise Buyers", "Cable Value Network"], "parrent_org": [], "foundedIn": "1986", "ceo": "Irwin L Jacobs"}, "7631": {"documentId": "7631", "passages": {"6": "Infocom was a software company, based in Cambridge, Massachusetts, that produced numerous works of interactive fiction.", "2": "Infocom was founded on June 22, 1979 by MIT staff and students led by Dave Lebling, Marc Blank, Albert Vezza, and Joel Berez and lasted as an independent company until 1986 when it was bought by Activision."}, "org": ["Infocom"], "parrent_org": [], "loc": "Cambridge", "foundedBy": "Albert Vezza"}, "19885": {"documentId": "19885", "passages": {"5": "River City Contractors, founded in 1997, is a Jacksonville based company that has built its reputation on the commitment to quality construction.", "6": "River City Contractors, founded in 1997, is a Jacksonville based company that has built its reputation on the commitment to quality construction."}, "org": ["River City Contractors, Inc.", "River City Contractors"], "parrent_org": [], "foundedIn": "1997", "loc": "Jacksonville"}, "1513": {"documentId": "1513", "passages": {"1": "FROMM Packaging Ltd is a wholly owned subsidiary of FROMM Holdings of Switzerland.", "5": "FROMM Packaging Ltd was established in the UK based at Bourne End in February 2004.", "6": "FROMM Packaging Ltd was established in the UK based at Bourne End in February 2004."}, "org": ["FROMM Packaging Ltd"], "parrent_org": ["FROMM Holdings"], "foundedIn": "February 2004", "loc": "Bourne End"}, "5082": {"documentId": "5082", "passages": {"2": "The \"Gates\" in the firm's name is William H. Gates, Sr., father of Microsoft founder Bill Gates.", "6": "Its main office was in the IDX Tower in Seattle, Washington."}, "org": ["Microsoft", "Preston Gates & Ellis"], "parrent_org": [], "foundedBy": "Bill Gates", "loc": "Washington"}, "7881": {"documentId": "7881", "passages": {"2": "It was formally created on March 20, 2008, by decree of Turkmenistan's President Gurbanguly Berdimuhamedow.", "5": "It was formally created on March 20, 2008, by decree of Turkmenistan's President Gurbanguly Berdimuhamedow.", "6": "The Institute of International Relations (Russian: \u0418\u043d\u0441\u0442\u0438\u0442\u0443\u0442 \u043c\u0435\u0436\u0434\u0443\u043d\u0430\u0440\u043e\u0434\u043d\u044b\u0445 \u043e\u0442\u043d\u043e\u0448\u0435\u043d\u0438\u0439, Turkmen: Halkara Gatna\u015fyklary Instituty) of Turkmenistan is that country's \"national school of diplomacy.\""}, "org": ["Institute of International Relations (Turkmenistan)"], "parrent_org": [], "foundedBy": "Gurbanguly Berdimuhamedow", "foundedIn": "March 20, 2008"}, "7181": {"documentId": "7181", "passages": {"4": "She is the CEO of Freshwater Pictures, based in Brisbane, Queensland, which she founded in 2001.", "5": "She is the CEO of Freshwater Pictures, based in Brisbane, Queensland, which she founded in 2001.", "2": "She is the CEO of Freshwater Pictures, based in Brisbane, Queensland, which she founded in 2001.", "6": "She is the CEO of Freshwater Pictures, based in Brisbane, Queensland, which she founded in 2001."}, "org": ["Freshwater Pictures", "Trish Lake"], "parrent_org": [], "foundedIn": "2001", "loc": "Queensland"}, "12065": {"documentId": "12065", "passages": {"5": "We started this new agency in 2012 here in Henderson, Nevada near the intersection of the I 215 and Eastern Avenue.", "6": "We moved here from St. Louis, Missouri where we had lived our whole lives."}, "org": ["Allstate Insurance: Tim Hacker"], "parrent_org": [], "foundedIn": "2012"}, "7204": {"documentId": "7204", "passages": {"4": "Former Governor of Kansas Bill Graves is ATA's President and CEO.", "5": "The American Trucking Associations (ATA), founded in 1933, is the largest national trade association for the trucking industry.", "6": "The American Trucking Associations (ATA), founded in 1933, is the largest national trade association for the trucking industry."}, "org": ["American Trucking Associations", "ATA"], "parrent_org": [], "ceo": "Bill Graves", "foundedIn": "1933"}, "16594": {"documentId": "16594", "passages": {"5": "Our school was founded in 1978 by a group of parents who wanted to create this learning environment for our community.", "1": "Our school was founded in 1978 by a group of parents who wanted to create this learning environment for our community."}, "org": ["Hillsboro Parent Preschool + Kindergarten"], "parrent_org": [], "foundedIn": "1978"}, "4980": {"documentId": "4980", "passages": {"6": "She was the first female president of King County\u2019s United Way, the first woman to chair the national United Way\u2019s executive committee where she served most notably with IBM's CEO, John Opel, and the first woman on the First Interstate Bank of Washington's board of directors.", "2": "Mary's son Bill Gates is the founder of Microsoft."}, "org": ["Microsoft"], "parrent_org": [], "foundedBy": "Bill Gates"}, "11943": {"documentId": "11943", "passages": {"5": "Chittenden & Eastman Company (established in 1866) is an American handcrafting mattress manufacturer originally based in Burlington, Iowa.", "6": "Chittenden & Eastman Company (established in 1866) is an American handcrafting mattress manufacturer originally based in Burlington, Iowa."}, "org": ["Chittenden & Eastman Company"], "parrent_org": [], "foundedIn": "1866", "loc": "Iowa"}, "1459": {"documentId": "1459", "passages": {"5": "In 2003, Eni acquired Agip Petroli S.p.A., creating the Refining and Marketing Division (R&M).", "1": "It has been a subsidiary of the multinational petroleum company Eni."}, "org": ["Agip", "R&M", "Refining and Marketing Division"], "parrent_org": ["Eni"], "foundedIn": "2003"}, "8189": {"documentId": "8189", "passages": {"6": "The European Courier is an online, opinion magazine headquartered in New York City and devoted to analysis of international relations, foreign policy of the United States and the European Union, international law and security issues.", "5": "The European Courier was founded in 2006 by Sebastian Aulich, a Polish lawyer, who is its editor-in-chief."}, "org": ["The European Courier", "European Courier"], "parrent_org": [], "loc": "New York City", "foundedIn": "2006"}, "7758": {"documentId": "7758", "passages": {"6": "He was a member of the New Zealand national side, the All Blacks, in 1904, appearing in a single test match against the touring British Isles team.", "2": "He was the son of Irish journalist Alexander McMinn, who established the Manawatu Evening Standard newspaper in 1880.", "5": "He was the son of Irish journalist Alexander McMinn, who established the Manawatu Evening Standard newspaper in 1880."}, "org": ["Manawatu Evening Standard", "All Blacks"], "parrent_org": [], "loc": "New Zealand", "foundedBy": "Alexander McMinn", "foundedIn": "1880"}, "5141": {"documentId": "5141", "passages": {"6": "Originally formed in 1964 as My Backyard in Jacksonville, Florida, the band used various names such as The Noble Five and One Percent, before coming up with Lynyrd Skynyrd in 1969.", "5": "Originally formed in 1964 as My Backyard in Jacksonville, Florida, the band used various names such as The Noble Five and One Percent, before coming up with Lynyrd Skynyrd in 1969."}, "org": ["My Backyard", "One Percent", "Lynyrd Skynyrd", "Noble Five"], "parrent_org": [], "loc": "Florida", "foundedIn": "1964"}, "11141": {"documentId": "11141", "passages": {"6": "The Association of Consultants is originally based in Estonia, but it is open to any management and entrepreneurship consultants who are interested in taking up certification path.", "5": "Association of Consultants was established in 1992 as a body that gathers management and entrepreneurship consultants under a single umbrella organization."}, "org": ["Association of Consultants"], "parrent_org": [], "loc": "Estonia", "foundedIn": "1992"}, "7760": {"documentId": "7760", "passages": {"6": "In 2000 a bill (federal law for statistics) transformed the \u00d6sterreichisches Statistisches Zentralamt (Austrian Statistical Central Office) into the Statistik Austria.", "5": "Although Statistik Austria was validated as Austria's institution for statistics research, the organization itself was already founded in 1829 as with the name 'Statistical Bureau'."}, "org": ["itself", "Statistik Austria", "Statistical Bureau'"], "parrent_org": [], "foundedIn": "1829"}, "14899": {"documentId": "14899", "passages": {"4": "Keshet International was established in 2012 and is led by chief executive officer Alon Shtruzman.", "2": "Keshet International was established in 2012 and is led by chief executive officer Alon Shtruzman.", "1": "The company has subsidiaries in the United States, United Kingdom, and Germany that develop and produce Keshet properties with local talent, and a distribution hub in Asia."}, "org": ["Keshet International"], "parrent_org": [], "ceo": "Alon Shtruzman"}, "1571": {"documentId": "1571", "passages": {"4": "Mr. Magerman is best known as the founder of Odyssey Golf, a company he started in 1990 and remained as President and CEO through the sale of the company to Callaway Golf in August 1997.", "1": "Most recently, Mr. Magerman was the President and CEO of Quickie Manufacturing Corporation, the largest manufacturer of cleaning tools in North American and a wholly-owned subsidiary of Jarden Corporation."}, "org": ["Odyssey Golf", "Quickie Manufacturing Corporation"], "parrent_org": ["Jarden Corporation"], "ceo": "Magerman"}, "4322": {"documentId": "4322", "passages": {"1": "premises in heart of Pune city, which has a capacity to train 100 students at a time, around 50 computers lab, providing strong backbone to its parent company Sun Online Solutions.", "2": "Sun Online Solutions was established in year 2000 by its visionary director Mr. Sunil Dhadwe."}, "org": ["Sun Online Solutions", "Sun Online Solutions Pvt. Ltd."], "parrent_org": ["Sun Online Solutions"], "foundedBy": "Sunil Dhadwe"}, "1623": {"documentId": "1623", "passages": {"5": "She co-founded Forest Bluff School in 1982, serving as Primary teacher and as Head of School.", "1": "Key to the success of any Montessori school is its involvement of the parents in understanding an educational approach that they did not experience themselves."}, "org": ["Forest Bluff School"], "parrent_org": [], "foundedIn": "1982"}, "15194": {"documentId": "15194", "passages": {"4": "Isolde (daughter of Hans) and Willi (son of Hans) Liebherr are the chief executive and chairman of the Bulle, Switzerland-based Liebherr-International AG, and several other family members are actively involved in corporate management.", "1": "Isolde (daughter of Hans) and Willi (son of Hans) Liebherr are the chief executive and chairman of the Bulle, Switzerland-based Liebherr-International AG, and several other family members are actively involved in corporate management."}, "org": ["Liebherr-International AG"], "parrent_org": [], "ceo": "Isolde"}, "7079": {"documentId": "7079", "passages": {"4": "Lee is Chairman and CEO of the Hing Wa Lee Group of companies based in Los Angeles, California.", "6": "Lee is Chairman and CEO of the Hing Wa Lee Group of companies based in Los Angeles, California."}, "org": ["Hing Wa Lee Group"], "parrent_org": [], "ceo": "Lee", "loc": "Los Angeles"}, "2217": {"documentId": "2217", "passages": {"4": "Coyote CEO Jeff Silver, along with the founding team that he recruited to join him, armed the business with the technology, industry experience, financial firepower, and \"No Excuses\" mentality that has made Coyote a leading service provider in the industry.", "1": "Coyote is a subsidiary of UPS."}, "org": ["Coyote"], "parrent_org": ["UPS"], "ceo": "Jeff Silver"}, "7063": {"documentId": "7063", "passages": {"4": "Murto (SVP of Sales) departed Compaq in 1987, while Canion (President and CEO) and Harris (SVP of Engineering) left under a shakeup in 1991, which saw Eckhard Pfeiffer appointed President and CEO.", "2": "The company was formed by Rod Canion, Jim Harris and Bill Murto\u2014former Texas Instruments senior managers.", "6": "Prior to its takeover the company was headquartered in a facility in northwest unincorporated Harris County, Texas, that now continues as HP's largest United States facility.", "5": "Compaq Computer Corporation was a company founded in 1982 that developed, sold, and supported computers and related products and services."}, "org": ["Compaq", "Compaq Computer Corporation"], "parrent_org": [], "ceo": "Canion", "loc": "United States", "foundedIn": "1982"}, "30296": {"documentId": "30296", "passages": {"2": "After spending the better part of one year visiting almost thirty schools in search of a progressive preschool experience for her then 2-year-old daughter, Myani Lawson decided to open Bergen-Lafayette Montessori School to create a diverse, bilingual, Montessori educational environment that provided children the independence and freedom they need to grow and thrive, while setting the structure imperative to be able to develop into responsible and civic-minded adults, ready to positively contribute to life in the 21st century.", "1": "After spending the better part of one year visiting almost thirty schools in search of a progressive preschool experience for her then 2-year-old daughter, Myani Lawson decided to open Bergen-Lafayette Montessori School to create a diverse, bilingual, Montessori educational environment that provided children the independence and freedom they need to grow and thrive, while setting the structure imperative to be able to develop into responsible and civic-minded adults, ready to positively contribute to life in the 21st century."}, "org": ["Bergen-Lafayette Montessori School"], "parrent_org": [], "foundedBy": "Myani Lawson"}, "1672": {"documentId": "1672", "passages": {"1": "It is one of Canada's largest corporations and has been the parent company in the Bell Canada corporate group since its creation in 1983 when Bell Canada, Northern Telecom, and other related companies all became subsidiaries of BCE.", "5": "It is one of Canada's largest corporations and has been the parent company in the Bell Canada corporate group since its creation in 1983 when Bell Canada, Northern Telecom, and other related companies all became subsidiaries of BCE."}, "org": ["Northern Telecom", "Bell Canada", "BCE", "Bce Inc."], "parrent_org": ["BCE"], "foundedIn": "1983"}, "1590": {"documentId": "1590", "passages": {"1": "UniGroup is a $1.7 billion transportation company and parent of United Van Lines, the nation\u2019s leading corporate mover, and Mayflower Transit, the most well-known name in the moving industry.", "4": "Richard H. McClure is president of UniGroup, as well as chief executive officer of the operating subsidiaries."}, "org": ["Mayflower Transit", "UniGroup Logistics", "UniGroup Relocation", "Unigroup, Inc.", "Trans Advantage", "Allegiant Move Management", "United Van Lines"], "parrent_org": ["UniGroup"]}, "7154": {"documentId": "7154", "passages": {"5": "The Secretary of the Navy was, from its creation in 1798, a member of the President's Cabinet until 1949, when the Secretary of the Navy (and the Secretaries of the Army and Air Force) was by amendments to the National Security Act of 1947 made subordinate to the Secretary of Defense.", "6": "The Secretary of the Navy (or SECNAV) is a statutory office (10 U.S.C. \u00a7 5013) and the head (chief executive officer) of the Department of the Navy, a military department (component organization) within the Department of Defense of the United States of America."}, "org": ["United States Secretary of the Navy"], "parrent_org": [], "foundedIn": "1798"}, "12201": {"documentId": "12201", "passages": {"6": "Versare Car Company was a bus and trolley bus maker founded in 1925 and originally based in Watervliet, New York.", "5": "Versare Car Company was a bus and trolley bus maker founded in 1925 and originally based in Watervliet, New York."}, "org": ["Versare Car Company"], "parrent_org": [], "loc": "New York", "foundedIn": "1925"}, "30235": {"documentId": "30235", "passages": {"4": "Jennifer Gorsuch Walters is the daughter of Leonard Gorsuch, Co-Owner of Gorsuch Construction and Chief Executive Officer of Fairfield Homes, Inc., a development, construction, and property management company that has developed a portfolio of projects extending all over Ohio since 1948.", "1": "Jennifer Gorsuch Walters is the daughter of Leonard Gorsuch, Co-Owner of Gorsuch Construction and Chief Executive Officer of Fairfield Homes, Inc., a development, construction, and property management company that has developed a portfolio of projects extending all over Ohio since 1948."}, "org": ["Gorsuch Management", "Fairfield Homes, Inc."], "parrent_org": [], "ceo": "Jennifer Gorsuch Walters"}, "7096": {"documentId": "7096", "passages": {"5": "It was formed by the merger of Lockheed Corporation with Martin Marietta in March 1995.", "6": "It is headquartered in Bethesda, Maryland, in the Washington, DC, area."}, "org": ["Lockheed Martin"], "parrent_org": [], "foundedIn": "March 1995", "loc": "Washington"}, "647": {"documentId": "647", "passages": {"6": "The United Nations Children's Fund (UNICEF) is a United Nations (UN) program headquartered in New York City that provides humanitarian and developmental assistance to children and mothers in developing countries.", "2": "The Polish physician Ludwik Rajchman is widely regarded as the founder of UNICEF and served as its first chairman from 1946.", "5": "The Polish physician Ludwik Rajchman is widely regarded as the founder of UNICEF and served as its first chairman from 1946."}, "org": ["United Nations Children's Fund", "UNICEF"], "parrent_org": [], "loc": "New York City", "foundedBy": "Ludwik Rajchman"}, "30300": {"documentId": "30300", "passages": {"6": "Gibbs Chevrolet was originally established in Adams, New York by Dennis Gibbs following the end of WWII.", "2": "Tommy Gibbs started working in the Tom Gibbs Chevrolet Sales Department following his graduation from the University of Florida in 2009."}, "org": ["Gibbs Chevrolet"], "parrent_org": [], "loc": "New York"}, "8248": {"documentId": "8248", "passages": {"6": "In 1926 he moved to Java, where he became a teacher at the Agricultural School in Malang, from 1926 to 1932.", "5": "Soon after, he studied biology at the University of Utrecht (1932\u20131935), and then started to study lichens at the Rijksherbarium in Leiden, from 1935 to 1936."}, "org": ["Agricultural School"], "parrent_org": [], "loc": "Malang"}, "7986": {"documentId": "7986", "passages": {"2": "She is a founding member of The National Women\u2019s Studies Association (NWSA) and its Jewish and lesbian caucuses and helped establish the Madison, Wisconsin chapter of the National Lesbian Feminist Organization (NLFO).", "6": "She is a founding member of The National Women\u2019s Studies Association (NWSA) and its Jewish and lesbian caucuses and helped establish the Madison, Wisconsin chapter of the National Lesbian Feminist Organization (NLFO)."}, "org": ["NWSA", "NLFO", "Evelyn Torton Beck", "National Lesbian Feminist Organization", "National Women\u2019s Studies Association"], "parrent_org": [], "loc": "Wisconsin"}, "13": {"documentId": "13", "passages": {"1": "It was formed in 1997 as a fully owned subsidiary of Telkom Kenya.", "4": "As of December 2, 2016, Bob Collymore was the CEO; he succeeded Michael Joseph on November 1, 2010, after Joseph's ten years as Safaricom CEO."}, "org": ["Safaricom"], "parrent_org": ["Telkom Kenya"], "ceo": "Bob Collymore"}, "7134": {"documentId": "7134", "passages": {"6": "He is the founder, President and CEO of southern California based, independent label Pearl Harbor Entertainment.", "4": "He is the founder, President and CEO of southern California based, independent label Pearl Harbor Entertainment.", "2": "He is the founder, President and CEO of southern California based, independent label Pearl Harbor Entertainment."}, "org": ["Pearl Harbor Entertainment"], "parrent_org": [], "loc": "California"}, "8223": {"documentId": "8223", "passages": {"5": "Red Priest is a British Baroque instrumental group that was formed in 1997, originally with eleven members.", "6": "Red Priest is a British Baroque instrumental group that was formed in 1997, originally with eleven members."}, "org": ["Red Priest"], "parrent_org": [], "foundedIn": "1997"}, "7106": {"documentId": "7106", "passages": {"6": "The El Alami Group is a group founded by Abdelaziz El Alami Hassani (headquartered in Tangier).", "2": "After two years of stagnation in 2006/2007, the group gradually leaving his business (sale of Jacob Delafon, abandoning Afric Industry, ...) to get started on building projects and hoteliers."}, "org": ["El Alami Group"], "parrent_org": [], "loc": "Tangier"}, "7937": {"documentId": "7937", "passages": {"2": "CSRN was formed by English expatriates Graham J. Bell (former English FA-accredited referee) and Gary \"Gazza\" Richards (former-Queen's Park Rangers F.C. footballer and soccer pundit on Fox Soccer Channel's Super Sunday Plus).", "6": "Champions Soccer Radio Network (CSRN) is a radio network based in Santa Monica, California that produces sports talk programmes, covering the news, scores and match highlights dedicated to the discussion of the sport of association football."}, "org": ["CSRN", "Champions Soccer Radio Network"], "parrent_org": [], "foundedBy": "Graham J. Bell", "loc": "Santa Monica"}, "474": {"documentId": "474", "passages": {"5": "Desmond and John O\u2019Sullivan formed O\u2019Sullivan Brothers, Inc. in 2011 in order to combine their thirty plus years of executive experience and help businesses, both small and large, navigate the challenges of today\u2019s online business world.", "6": "With offices in New York and Oregon, O\u2019Sullivan Brothers, Inc. can serve your business no matter where you are located."}, "org": ["O\u2019Sullivan Brothers, Inc."], "parrent_org": [], "foundedIn": "2011"}, "7923": {"documentId": "7923", "passages": {"5": "The city is home to the University of Kiel (established in 1665).", "6": "In 2005 Kiel's GDP per capita was \u20ac35,618, which is well above Germany's national average, and 159% of the European Union's average."}, "org": ["University of Kiel"], "parrent_org": [], "foundedIn": "1665"}, "1453": {"documentId": "1453", "passages": {"1": "Jiangsu Jinling Opta Polymer Co.,Ltd (JSOP) is the subsidiary company of NJOP.", "5": "Nanjing Jinling Opta Polymer Co.,ltd.(NJOP), established in 2001, is a high-tech enterprise invested by SINOPEC Jinling Petrol Chemical Co., LTD and Finland OPTATECH Co., specializing in the R&D, production and sales of modified polymers of thermoplastic elastomers."}, "org": ["Jiangsu Jinling Opta Polymer Co.,Ltd", "JSOP", "NJOP", "Nanjing Jinling Opta Polymer Co.,ltd."], "parrent_org": ["NJOP"], "foundedIn": "2001"}, "7101": {"documentId": "7101", "passages": {"4": "It was founded in 1992 by the current CEO and Chief Engineer, Igor Pasternak, who came to America from Ukraine.", "2": "It was founded in 1992 by the current CEO and Chief Engineer, Igor Pasternak, who came to America from Ukraine.", "5": "It was founded in 1992 by the current CEO and Chief Engineer, Igor Pasternak, who came to America from Ukraine.", "6": "Worldwide Aeros Corp is an American manufacturer of airships based in Montebello, California."}, "org": ["Worldwide Aeros Corp"], "parrent_org": [], "ceo": "Igor Pasternak", "foundedBy": "Igor Pasternak", "foundedIn": "1992", "loc": "California"}, "33": {"documentId": "33", "passages": {"1": "In 2012, she led the launch of a new wholly owned subsidiary, NEXT Electric Inc., in an effort to capture a more competitive position for CC&N and to expand the current customer base for both the existing CC&N business unit and the new enterprise.", "4": "She was originally recruited to CC&N in 2005 and became President in November of 2008, CEO in January of 2011 and Chairman in January of 2013."}, "org": ["NEXT Electric Inc.", "CC&N"], "parrent_org": ["CC&N"]}, "7083": {"documentId": "7083", "passages": {"4": "Martin Viessmann is a German billionaire businessman, CEO of Viessmann Group, a heating systems manufacturer headquartered in Allendorf, Germany.", "6": "Martin Viessmann is a German billionaire businessman, CEO of Viessmann Group, a heating systems manufacturer headquartered in Allendorf, Germany."}, "org": ["Viessmann Group"], "parrent_org": [], "ceo": "Martin Viessmann", "loc": "Allendorf"}, "15387": {"documentId": "15387", "passages": {"6": "Falcon International Bank is a Texas community bank founded in 1986 and headquartered in Laredo, Texas.", "4": "Falcon International Bank is headed by Adolfo E. Gutierrez, the Chairman of the Board and Chief Executive Officer, and Gilbert Narvaez, Jr., the current President and Chief Operations Officer."}, "org": ["Falcon International Bank"], "parrent_org": [], "loc": "Texas", "ceo": "Adolfo E. Gutierrez"}, "1797": {"documentId": "1797", "passages": {"2": "It was founded in September 1998 by Susan and David Axelrod, driven by their daughter starting to have severe seizures when she was a child.", "5": "It was founded in September 1998 by Susan and David Axelrod, driven by their daughter starting to have severe seizures when she was a child.", "1": "It was founded in September 1998 by Susan and David Axelrod, driven by their daughter starting to have severe seizures when she was a child."}, "org": ["Citizens United for Research in Epilepsy"], "parrent_org": [], "foundedBy": "David Axelrod", "foundedIn": "September 1998"}, "5313": {"documentId": "5313", "passages": {"5": "The club was founded in 1892 and joined the Football League the following year.", "6": "Liverpool Football Club (/\u02c8l\u026av\u0259rpu\u02d0l/) is a Premier League football club based in Liverpool, Merseyside, England."}, "org": ["Liverpool Football Club"], "parrent_org": [], "loc": "Merseyside"}, "7754": {"documentId": "7754", "passages": {"6": "It was originally used as the label name by the Dead Kennedys for the self-produced single \"California \u00dcber Alles\", and after realizing the potential for an independent label, they released records for other bands as well.", "2": "Dead Kennedys guitarist East Bay Ray and vocalist Jello Biafra formed the original Alternative Tentacles partnership, but the label is now run by Biafra, who became the sole owner in the mid-1980s."}, "org": ["Alternative Tentacles"], "parrent_org": [], "foundedBy": "Jello Biafra"}, "7711": {"documentId": "7711", "passages": {"6": "It was founded by Chris Blackwell, Graeme Goodall, and Leslie Kong in Jamaica and has been based in the United Kingdom since 1962.", "2": "It was founded by Chris Blackwell, Graeme Goodall, and Leslie Kong in Jamaica and has been based in the United Kingdom since 1962.", "5": "It was founded by Chris Blackwell, Graeme Goodall, and Leslie Kong in Jamaica and has been based in the United Kingdom since 1962."}, "org": ["Island Records"], "parrent_org": [], "loc": "United Kingdom", "foundedBy": "Graeme Goodall"}, "1431": {"documentId": "1431", "passages": {"1": "Established in 1999, Redknee Solutions Inc. (TSX: RKN) is the parent of the wholly-owned operating subsidiary Redknee Inc. and its various subsidiaries.", "5": "Established in 1999, Redknee Solutions Inc. (TSX: RKN) is the parent of the wholly-owned operating subsidiary Redknee Inc. and its various subsidiaries."}, "org": ["Redknee Solutions Inc.", "RKN", "Redknee", "Redknee Inc."], "parrent_org": ["Redknee Solutions Inc.", "RKN"], "foundedIn": "1999"}, "14978": {"documentId": "14978", "passages": {"1": "Iain was formerly chief executive officer of FishPal Ltd and has nearly eight years experience in the salmon letting business both as CEO of FishPal and also via FishPal\u00e2  s subsidiary Tweed Salmon Fishings, which was letting agent for 15 beats on Tweed.", "4": "Iain was formerly chief executive officer of FishPal Ltd and has nearly eight years experience in the salmon letting business both as CEO of FishPal and also via FishPal\u00e2  s subsidiary Tweed Salmon Fishings, which was letting agent for 15 beats on Tweed."}, "org": ["Tweed Salmon Fishings", "FishPal Ltd", "FishPal", "Atholl Sporting"], "parrent_org": ["FishPal\u00e2"], "ceo": "Iain"}, "7116": {"documentId": "7116", "passages": {"4": "It is currently led by board president Karen I. Kennedy and CEO Jennifer Merschdorf.", "6": "Founded in 1998 by three young women with breast cancer, YSC is a 501(c)(3) non-profit based in New York City with additional offices in Atlanta, Georgia and Indianapolis, Indiana.", "5": "Founded in 1998 by three young women with breast cancer, YSC is a 501(c)(3) non-profit based in New York City with additional offices in Atlanta, Georgia and Indianapolis, Indiana."}, "org": ["Young Survival Coalition", "YSC"], "parrent_org": [], "ceo": "Jennifer Merschdorf", "loc": "New York City", "foundedIn": "1998"}, "7115": {"documentId": "7115", "passages": {"4": "Yap is the founder and CEO of an interactive design and consulting agency called Citrus Studios, based in Santa Monica, California, and The Waxing Company, a waxing salon in Honolulu.", "6": "Yap is the founder and CEO of an interactive design and consulting agency called Citrus Studios, based in Santa Monica, California, and The Waxing Company, a waxing salon in Honolulu.", "2": "Yap is the founder and CEO of an interactive design and consulting agency called Citrus Studios, based in Santa Monica, California, and The Waxing Company, a waxing salon in Honolulu."}, "org": ["The Waxing Company", "Citrus Studios"], "parrent_org": [], "ceo": "Yap", "loc": "Santa Monica", "foundedBy": "Yap"}, "8007": {"documentId": "8007", "passages": {"2": "Formed by Sumner and Hook after the two attended a Sex Pistols gig, Joy Division moved beyond their punk roots to develop a sound and style that made them one of the pioneers of the post-punk movement.", "6": "Formed by Sumner and Hook after the two attended a Sex Pistols gig, Joy Division moved beyond their punk roots to develop a sound and style that made them one of the pioneers of the post-punk movement."}, "org": ["Joy Division"], "parrent_org": [], "foundedBy": "Sumner"}, "7097": {"documentId": "7097", "passages": {"4": "It is made by London-based Suso Drinks Ltd, run by a team comprising former Red Bull managing director Harry Drnec, former cofounder and General Manager of Relentless Sean Uprichard, former CEO at PJ Smoothies Andrew King, and former L'Oreal UK Sales Director Jamie Farrell.", "6": "Launched into the UK market with a \u00a34 million marketing budget in February 2008, SUSO is currently distributed to over 600 UK secondary schools and national supermarkets including Tesco, Sainsbury's, Asda, Morrisons, Waitrose and Superdrug."}, "org": ["Asda", "Superdrug", "Waitrose", "Sainsbury's", "PJ Smoothies", "Tesco", "Morrisons"], "parrent_org": [], "ceo": "Andrew King", "loc": "UK"}, "1635": {"documentId": "1635", "passages": {"1": "Founded in 1986, AIM Your Way, LLC (AIM) is a nationwide field services company, owned by its parent company, America's InfoMart, Inc.", "4": "Suzanne Ball became CEO in 1999 and then qualified AIM to become a 100% woman-owned WBENC certified business entity."}, "org": ["AIM", "AIM Your Way, LLC", "AIM Your Way"], "parrent_org": ["America's InfoMart, Inc"], "ceo": "Suzanne Ball"}, "7145": {"documentId": "7145", "passages": {"2": "Bill & Melinda Gates Foundation (or the Gates Foundation, abbreviated as BMGF) is the largest private foundation in the world, founded by Bill and Melinda Gates.", "6": "The primary aims of the foundation are, globally, to enhance healthcare and reduce extreme poverty, and in America, to expand educational opportunities and access to information technology.The foundation, based in Seattle, Washington, is controlled by its three trustees: Bill Gates, Melinda Gates and Warren Buffett.", "5": "In 2007, its founders were ranked as the second most generous philanthropists in America, and Warren Buffett the first."}, "org": ["BMGF", "Bill & Melinda Gates Foundation", "Gates Foundation"], "parrent_org": [], "foundedBy": "Bill", "loc": "Washington"}, "15215": {"documentId": "15215", "passages": {"4": "PHLPost is based in the Philippines' primary post office, and is currently headed by Postmaster General and CEO Mr. Joel L. Otarra.", "6": "PHLPost is based in the Philippines' primary post office, and is currently headed by Postmaster General and CEO Mr. Joel L. Otarra."}, "org": ["PHLPost"], "parrent_org": [], "ceo": "Joel L. Otarra", "loc": "Philippines"}, "7570": {"documentId": "7570", "passages": {"2": "Bellevue was the home of Henry Morrison Flagler when he partnered up with John D. Rockefeller to start Standard Oil.", "6": "The National Arbor Day Foundation has designated Bellevue as a Tree City USA."}, "org": ["Standard Oil"], "parrent_org": [], "foundedBy": "John D. Rockefeller"}, "7819": {"documentId": "7819", "passages": {"6": "The National Soccer Hall of Fame is a private, non-profit institution established in 1979 that honors soccer achievements in the United States.", "5": "The National Soccer Hall of Fame is a private, non-profit institution established in 1979 that honors soccer achievements in the United States.", "2": "The National Soccer Hall of Fame is a private, non-profit institution established in 1979 that honors soccer achievements in the United States."}, "org": ["National Soccer Hall of Fame"], "parrent_org": [], "loc": "United States", "foundedIn": "1979"}, "7954": {"documentId": "7954", "passages": {"6": "Dr. Christiana Thorpe (born 1955 in Freetown, Sierra Leone) is the current Chief Electoral Commissioner and Chairperson of the National Electoral Commission, an independent agency created by the Sierra Leone government, and is in charge of organising and supervising national, regional and local elections in Sierra Leone.", "2": "Dr. Christiana Thorpe (born 1955 in Freetown, Sierra Leone) is the current Chief Electoral Commissioner and Chairperson of the National Electoral Commission, an independent agency created by the Sierra Leone government, and is in charge of organising and supervising national, regional and local elections in Sierra Leone.", "5": "Dr. Christiana Thorpe (born 1955 in Freetown, Sierra Leone) is the current Chief Electoral Commissioner and Chairperson of the National Electoral Commission, an independent agency created by the Sierra Leone government, and is in charge of organising and supervising national, regional and local elections in Sierra Leone."}, "org": ["National Electoral Commission"], "parrent_org": [], "loc": "Sierra Leone"}, "7077": {"documentId": "7077", "passages": {"4": "Prior to becoming CEO of AccuWeather in September 2007, Myers served as the company\u2019s Executive Vice President and General Counsel.", "6": "He has also served as advisor to the Director of the U.S. National Weather Service at the U.N.\u2019s World Meteorological Organization Meetings in Geneva, Switzerland in 2001 and 2008."}, "org": ["AccuWeather"], "parrent_org": [], "ceo": "Myers"}, "7580": {"documentId": "7580", "passages": {"6": "Based in Oakhurst, California and later in Fresno, California, the company is owned by Activision, a subsidiary of Activision Blizzard.", "2": "Sierra Entertainment (previously Sierra On-Line, commonly referred to as Sierra) is an American publisher founded in 1979 as On-Line Systems by Ken and Roberta Williams."}, "org": ["Sierra", "Sierra Entertainment", "On-Line Systems", "Sierra On-Line"], "parrent_org": [], "foundedBy": "Ken"}}